UTC,x_coord,y_coord,click,scroll
2022-08-15 01:50:02.333442,2519,-870,None,None
2022-08-15 01:50:02.335436,2519,-869,None,None
2022-08-15 01:50:02.336435,2519,-868,None,None
2022-08-15 01:50:02.337434,2518,-868,None,None
2022-08-15 01:50:02.338428,2517,-867,None,None
2022-08-15 01:50:02.339425,2517,-866,None,None
2022-08-15 01:50:02.340422,2516,-865,None,None
2022-08-15 01:50:02.341420,2515,-864,None,None
2022-08-15 01:50:02.342421,2515,-863,None,None
2022-08-15 01:50:02.343415,2514,-862,None,None
2022-08-15 01:50:02.344412,2513,-860,None,None
2022-08-15 01:50:02.345409,2511,-859,None,None
2022-08-15 01:50:02.346407,2510,-858,None,None
2022-08-15 01:50:02.347404,2509,-856,None,None
2022-08-15 01:50:02.348402,2508,-855,None,None
2022-08-15 01:50:02.349399,2506,-853,None,None
2022-08-15 01:50:02.350396,2505,-852,None,None
2022-08-15 01:50:02.351393,2503,-850,None,None
2022-08-15 01:50:02.352390,2501,-848,None,None
2022-08-15 01:50:02.353389,2500,-846,None,None
2022-08-15 01:50:02.354390,2498,-844,None,None
2022-08-15 01:50:02.355383,2496,-842,None,None
2022-08-15 01:50:02.356380,2495,-841,None,None
2022-08-15 01:50:02.357378,2493,-839,None,None
2022-08-15 01:50:02.358374,2490,-837,None,None
2022-08-15 01:50:02.359390,2488,-834,None,None
2022-08-15 01:50:02.361367,2486,-832,None,None
2022-08-15 01:50:02.361367,2483,-829,None,None
2022-08-15 01:50:02.362364,2480,-826,None,None
2022-08-15 01:50:02.363362,2478,-823,None,None
2022-08-15 01:50:02.364359,2473,-818,None,None
2022-08-15 01:50:02.365360,2470,-814,None,None
2022-08-15 01:50:02.366358,2467,-810,None,None
2022-08-15 01:50:02.368355,2463,-806,None,None
2022-08-15 01:50:02.371344,2460,-803,None,None
2022-08-15 01:50:02.372340,2455,-798,None,None
2022-08-15 01:50:02.373341,2444,-786,None,None
2022-08-15 01:50:02.374332,2441,-783,None,None
2022-08-15 01:50:02.375331,2437,-779,None,None
2022-08-15 01:50:02.376327,2436,-777,None,None
2022-08-15 01:50:02.377325,2428,-770,None,None
2022-08-15 01:50:02.378324,2424,-765,None,None
2022-08-15 01:50:02.379320,2421,-763,None,None
2022-08-15 01:50:02.380315,2415,-758,None,None
2022-08-15 01:50:02.381313,2411,-754,None,None
2022-08-15 01:50:02.382311,2407,-750,None,None
2022-08-15 01:50:02.383308,2400,-744,None,None
2022-08-15 01:50:02.384306,2394,-739,None,None
2022-08-15 01:50:02.386321,2390,-736,None,None
2022-08-15 01:50:02.387301,2385,-731,None,None
2022-08-15 01:50:02.388294,2377,-725,None,None
2022-08-15 01:50:02.389294,2372,-720,None,None
2022-08-15 01:50:02.389294,2368,-717,None,None
2022-08-15 01:50:02.390300,2362,-713,None,None
2022-08-15 01:50:02.391288,2354,-706,None,None
2022-08-15 01:50:02.392290,2348,-702,None,None
2022-08-15 01:50:02.394284,2344,-699,None,None
2022-08-15 01:50:02.395275,2337,-693,None,None
2022-08-15 01:50:02.395275,2327,-686,None,None
2022-08-15 01:50:02.396277,2321,-681,None,None
2022-08-15 01:50:02.397275,2319,-680,None,None
2022-08-15 01:50:02.398271,2309,-673,None,None
2022-08-15 01:50:02.399268,2301,-667,None,None
2022-08-15 01:50:02.400263,2295,-663,None,None
2022-08-15 01:50:02.401260,2290,-660,None,None
2022-08-15 01:50:02.402257,2282,-655,None,None
2022-08-15 01:50:02.403255,2272,-648,None,None
2022-08-15 01:50:02.404252,2264,-643,None,None
2022-08-15 01:50:02.406249,2257,-639,None,None
2022-08-15 01:50:02.409239,2245,-631,None,None
2022-08-15 01:50:02.411233,2219,-616,None,None
2022-08-15 01:50:02.411233,2209,-611,None,None
2022-08-15 01:50:02.412241,2206,-609,None,None
2022-08-15 01:50:02.413234,2196,-604,None,None
2022-08-15 01:50:02.414226,2186,-599,None,None
2022-08-15 01:50:02.415224,2177,-594,None,None
2022-08-15 01:50:02.417221,2166,-590,None,None
2022-08-15 01:50:02.417221,2157,-585,None,None
2022-08-15 01:50:02.418215,2147,-581,None,None
2022-08-15 01:50:02.419212,2137,-576,None,None
2022-08-15 01:50:02.420218,2130,-573,None,None
2022-08-15 01:50:02.421205,2119,-569,None,None
2022-08-15 01:50:02.422204,2110,-565,None,None
2022-08-15 01:50:02.423204,2099,-561,None,None
2022-08-15 01:50:02.424208,2088,-557,None,None
2022-08-15 01:50:02.425198,2082,-555,None,None
2022-08-15 01:50:02.426194,2067,-550,None,None
2022-08-15 01:50:02.427195,2057,-546,None,None
2022-08-15 01:50:02.428189,2048,-543,None,None
2022-08-15 01:50:02.429203,2036,-540,None,None
2022-08-15 01:50:02.430193,2024,-536,None,None
2022-08-15 01:50:02.432178,2013,-532,None,None
2022-08-15 01:50:02.432178,2003,-529,None,None
2022-08-15 01:50:02.433176,1992,-526,None,None
2022-08-15 01:50:02.434197,1981,-523,None,None
2022-08-15 01:50:02.435170,1971,-520,None,None
2022-08-15 01:50:02.436168,1960,-518,None,None
2022-08-15 01:50:02.437165,1949,-515,None,None
2022-08-15 01:50:02.438171,1939,-512,None,None
2022-08-15 01:50:02.439160,1921,-508,None,None
2022-08-15 01:50:02.440159,1911,-506,None,None
2022-08-15 01:50:02.441154,1900,-503,None,None
2022-08-15 01:50:02.442152,1886,-500,None,None
2022-08-15 01:50:02.443148,1875,-499,None,None
2022-08-15 01:50:02.444145,1865,-496,None,None
2022-08-15 01:50:02.445142,1854,-494,None,None
2022-08-15 01:50:02.446140,1843,-492,None,None
2022-08-15 01:50:02.447138,1833,-490,None,None
2022-08-15 01:50:02.448135,1822,-489,None,None
2022-08-15 01:50:02.449133,1811,-487,None,None
2022-08-15 01:50:02.450131,1800,-485,None,None
2022-08-15 01:50:02.451128,1790,-483,None,None
2022-08-15 01:50:02.452125,1773,-480,None,None
2022-08-15 01:50:02.453124,1768,-480,None,None
2022-08-15 01:50:02.454119,1755,-478,None,None
2022-08-15 01:50:02.455119,1744,-476,None,None
2022-08-15 01:50:02.456114,1734,-475,None,None
2022-08-15 01:50:02.457111,1722,-474,None,None
2022-08-15 01:50:02.458108,1719,-473,None,None
2022-08-15 01:50:02.459106,1708,-472,None,None
2022-08-15 01:50:02.461109,1697,-471,None,None
2022-08-15 01:50:02.461109,1686,-469,None,None
2022-08-15 01:50:02.463094,1676,-468,None,None
2022-08-15 01:50:02.463094,1669,-468,None,None
2022-08-15 01:50:02.464094,1665,-467,None,None
2022-08-15 01:50:02.465089,1654,-466,None,None
2022-08-15 01:50:02.466086,1643,-466,None,None
2022-08-15 01:50:02.467084,1636,-465,None,None
2022-08-15 01:50:02.468082,1633,-465,None,None
2022-08-15 01:50:02.469078,1622,-464,None,None
2022-08-15 01:50:02.471077,1614,-463,None,None
2022-08-15 01:50:02.473071,1611,-463,None,None
2022-08-15 01:50:02.475066,1600,-463,None,None
2022-08-15 01:50:02.476067,1583,-462,None,None
2022-08-15 01:50:02.476067,1577,-462,None,None
2022-08-15 01:50:02.479051,1564,-462,None,None
2022-08-15 01:50:02.479051,1559,-462,None,None
2022-08-15 01:50:02.480049,1556,-462,None,None
2022-08-15 01:50:02.481048,1551,-462,None,None
2022-08-15 01:50:02.483042,1548,-462,None,None
2022-08-15 01:50:02.483042,1543,-462,None,None
2022-08-15 01:50:02.485041,1537,-463,None,None
2022-08-15 01:50:02.486034,1533,-463,None,None
2022-08-15 01:50:02.487032,1529,-463,None,None
2022-08-15 01:50:02.487032,1525,-464,None,None
2022-08-15 01:50:02.488028,1522,-465,None,None
2022-08-15 01:50:02.490024,1520,-465,None,None
2022-08-15 01:50:02.491022,1517,-466,None,None
2022-08-15 01:50:02.492019,1513,-466,None,None
2022-08-15 01:50:02.493017,1510,-467,None,None
2022-08-15 01:50:02.494013,1508,-468,None,None
2022-08-15 01:50:02.494013,1505,-469,None,None
2022-08-15 01:50:02.495009,1502,-470,None,None
2022-08-15 01:50:02.496025,1499,-471,None,None
2022-08-15 01:50:02.497304,1497,-472,None,None
2022-08-15 01:50:02.498297,1495,-473,None,None
2022-08-15 01:50:02.499295,1492,-475,None,None
2022-08-15 01:50:02.500296,1490,-476,None,None
2022-08-15 01:50:02.501287,1488,-478,None,None
2022-08-15 01:50:02.502284,1487,-479,None,None
2022-08-15 01:50:02.503282,1486,-481,None,None
2022-08-15 01:50:02.504278,1484,-483,None,None
2022-08-15 01:50:02.505275,1483,-485,None,None
2022-08-15 01:50:02.506271,1483,-486,None,None
2022-08-15 01:50:02.507268,1482,-488,None,None
2022-08-15 01:50:02.508267,1482,-490,None,None
2022-08-15 01:50:02.509265,1481,-492,None,None
2022-08-15 01:50:02.510262,1481,-493,None,None
2022-08-15 01:50:02.512257,1481,-494,None,None
2022-08-15 01:50:02.513251,1481,-496,None,None
2022-08-15 01:50:02.513251,1481,-497,None,None
2022-08-15 01:50:02.514249,1481,-499,None,None
2022-08-15 01:50:02.515246,1481,-501,None,None
2022-08-15 01:50:02.516244,1482,-502,None,None
2022-08-15 01:50:02.517244,1483,-504,None,None
2022-08-15 01:50:02.518247,1484,-506,None,None
2022-08-15 01:50:02.520234,1484,-508,None,None
2022-08-15 01:50:02.521232,1485,-509,None,None
2022-08-15 01:50:02.522230,1486,-511,None,None
2022-08-15 01:50:02.522230,1487,-513,None,None
2022-08-15 01:50:02.523225,1489,-515,None,None
2022-08-15 01:50:02.524223,1490,-516,None,None
2022-08-15 01:50:02.525223,1491,-518,None,None
2022-08-15 01:50:02.526221,1493,-519,None,None
2022-08-15 01:50:02.527220,1495,-521,None,None
2022-08-15 01:50:02.529214,1496,-523,None,None
2022-08-15 01:50:02.529214,1497,-525,None,None
2022-08-15 01:50:02.591046,1497,-526,None,None
2022-08-15 01:50:02.592048,1497,-527,None,None
2022-08-15 01:50:02.593040,1498,-528,None,None
2022-08-15 01:50:02.594035,1498,-529,None,None
2022-08-15 01:50:02.595033,1498,-531,None,None
2022-08-15 01:50:02.595033,1499,-531,None,None
2022-08-15 01:50:02.596033,1499,-532,None,None
2022-08-15 01:50:02.597027,1499,-533,None,None
2022-08-15 01:50:02.598025,1499,-534,None,None
2022-08-15 01:50:02.599022,1499,-535,None,None
2022-08-15 01:50:02.600018,1499,-536,None,None
2022-08-15 01:50:02.602014,1499,-538,None,None
2022-08-15 01:50:02.604008,1499,-540,None,None
2022-08-15 01:50:02.607000,1498,-541,None,None
2022-08-15 01:50:02.607998,1498,-542,None,None
2022-08-15 01:50:02.610014,1498,-543,None,None
2022-08-15 01:50:02.610989,1497,-544,None,None
2022-08-15 01:50:02.613981,1496,-545,None,None
2022-08-15 01:50:02.616977,1495,-545,None,None
2022-08-15 01:50:02.617982,1495,-546,None,None
2022-08-15 01:50:02.618971,1494,-546,None,None
2022-08-15 01:50:02.619966,1494,-547,None,None
2022-08-15 01:50:02.620965,1494,-548,None,None
2022-08-15 01:50:02.622958,1494,-549,None,None
2022-08-15 01:50:02.625377,1494,-550,None,None
2022-08-15 01:50:02.627333,1494,-551,None,None
2022-08-15 01:50:02.628328,1494,-552,None,None
2022-08-15 01:50:02.630323,1494,-553,None,None
2022-08-15 01:50:02.631321,1494,-554,None,None
2022-08-15 01:50:02.633357,1494,-555,None,None
2022-08-15 01:50:02.634311,1494,-556,None,None
2022-08-15 01:50:02.635309,1494,-557,None,None
2022-08-15 01:50:02.636305,1494,-558,None,None
2022-08-15 01:50:02.638795,1494,-559,None,None
2022-08-15 01:50:02.639551,1494,-560,None,None
2022-08-15 01:50:02.640558,1495,-561,None,None
2022-08-15 01:50:02.642795,1495,-562,None,None
2022-08-15 01:50:02.643405,1496,-563,None,None
2022-08-15 01:50:02.645802,1496,-565,None,None
2022-08-15 01:50:02.646802,1497,-565,None,None
2022-08-15 01:50:02.647799,1497,-566,None,None
2022-08-15 01:50:02.648796,1497,-567,None,None
2022-08-15 01:50:02.649795,1498,-567,None,None
2022-08-15 01:50:02.650792,1498,-568,None,None
2022-08-15 01:50:02.651800,1499,-569,None,None
2022-08-15 01:50:02.653475,1500,-570,None,None
2022-08-15 01:50:02.654496,1501,-571,None,None
2022-08-15 01:50:02.656492,1501,-572,None,None
2022-08-15 01:50:02.657468,1502,-573,None,None
2022-08-15 01:50:02.658484,1503,-574,None,None
2022-08-15 01:50:02.660464,1504,-575,None,None
2022-08-15 01:50:02.661457,1505,-576,None,None
2022-08-15 01:50:02.662456,1506,-576,None,None
2022-08-15 01:50:02.663453,1506,-577,None,None
2022-08-15 01:50:02.665463,1507,-578,None,None
2022-08-15 01:50:02.665463,1508,-578,None,None
2022-08-15 01:50:02.667445,1508,-579,None,None
2022-08-15 01:50:02.668441,1509,-579,None,None
2022-08-15 01:50:02.669439,1510,-580,None,None
2022-08-15 01:50:02.670436,1511,-580,None,None
2022-08-15 01:50:02.670436,1512,-581,None,None
2022-08-15 01:50:02.671433,1512,-582,None,None
2022-08-15 01:50:02.672429,1513,-582,None,None
2022-08-15 01:50:02.673425,1514,-583,None,None
2022-08-15 01:50:02.674426,1515,-584,None,None
2022-08-15 01:50:02.678439,1516,-585,None,None
2022-08-15 01:50:02.679410,1517,-586,None,None
2022-08-15 01:50:02.680407,1518,-586,None,None
2022-08-15 01:50:02.681405,1519,-587,None,None
2022-08-15 01:50:02.682402,1520,-588,None,None
2022-08-15 01:50:02.683398,1521,-588,None,None
2022-08-15 01:50:02.684397,1521,-589,None,None
2022-08-15 01:50:02.685394,1522,-589,None,None
2022-08-15 01:50:02.687403,1522,-590,None,None
2022-08-15 01:50:02.688419,1523,-591,None,None
2022-08-15 01:50:02.689384,1524,-591,None,None
2022-08-15 01:50:02.691378,1525,-591,None,None
2022-08-15 01:50:02.692405,1525,-592,None,None
2022-08-15 01:50:02.694372,1526,-593,None,None
2022-08-15 01:50:02.696365,1527,-593,None,None
2022-08-15 01:50:02.697362,1527,-594,None,None
2022-08-15 01:50:02.700373,1527,-595,None,None
2022-08-15 01:50:02.701350,1528,-595,None,None
2022-08-15 01:50:02.704350,1528,-596,None,None
2022-08-15 01:50:02.705346,1529,-596,None,None
2022-08-15 01:50:02.709345,1529,-597,None,None
2022-08-15 01:50:02.718318,1529,-598,None,None
2022-08-15 01:50:02.730321,1528,-599,None,None
2022-08-15 01:50:02.735357,1528,-600,None,None
2022-08-15 01:50:02.736288,1527,-600,None,None
2022-08-15 01:50:02.740261,1527,-601,None,None
2022-08-15 01:50:02.745248,1527,-602,None,None
2022-08-15 01:50:02.746242,1528,-602,None,None
2022-08-15 01:50:02.748245,1528,-603,None,None
2022-08-15 01:50:02.749234,1529,-603,None,None
2022-08-15 01:50:02.752230,1530,-603,None,None
2022-08-15 01:50:02.753223,1530,-604,None,None
2022-08-15 01:50:02.755223,1531,-604,None,None
2022-08-15 01:50:02.757218,1531,-605,None,None
2022-08-15 01:50:02.758210,1532,-605,None,None
2022-08-15 01:50:02.760212,1533,-605,None,None
2022-08-15 01:50:02.764197,1534,-605,None,None
2022-08-15 01:50:02.765192,1534,-606,None,None
2022-08-15 01:50:02.767188,1534,-607,None,None
2022-08-15 01:50:02.769181,1535,-607,None,None
2022-08-15 01:50:02.780242,1535,-608,None,None
2022-08-15 01:50:02.787133,1535,-609,None,None
2022-08-15 01:50:02.796108,1535,-610,None,None
2022-08-15 01:50:02.803214,1535,-611,None,None
2022-08-15 01:50:02.810615,1535,-612,None,None
2022-08-15 01:50:02.817566,1536,-613,None,None
2022-08-15 01:50:02.826997,1536,-614,None,None
2022-08-15 01:50:02.840733,1536,-615,None,None
2022-08-15 01:50:02.845222,1536,-616,None,None
2022-08-15 01:50:02.853869,1536,-617,None,None
2022-08-15 01:50:02.856079,1536,-618,None,None
2022-08-15 01:50:02.864626,1536,-619,None,None
2022-08-15 01:50:02.866618,1535,-620,None,None
2022-08-15 01:50:02.873816,1535,-621,None,None
2022-08-15 01:50:02.879802,1535,-622,None,None
2022-08-15 01:50:02.887788,1535,-623,None,None
2022-08-15 01:50:02.895794,1535,-624,None,None
2022-08-15 01:50:02.906751,1535,-625,None,None
2022-08-15 01:50:02.907731,1536,-625,None,None
2022-08-15 01:50:02.916709,1537,-626,None,None
2022-08-15 01:50:02.922730,1538,-626,None,None
2022-08-15 01:50:02.927675,1538,-627,None,None
2022-08-15 01:50:02.956992,1538,-628,None,None
2022-08-15 01:50:02.977963,1539,-628,None,None
2022-08-15 01:50:03.005874,1539,-629,None,None
2022-08-15 01:50:03.064723,1539,-629,None,"[0, -1]"
2022-08-15 01:50:03.081670,1539,-628,None,None
2022-08-15 01:50:03.088667,1538,-627,None,None
2022-08-15 01:50:03.088667,1538,-626,None,None
2022-08-15 01:50:03.090650,1538,-624,None,None
2022-08-15 01:50:03.092640,1537,-624,None,None
2022-08-15 01:50:03.092640,1537,-623,None,None
2022-08-15 01:50:03.093635,1537,-623,Button.left,None
2022-08-15 01:50:03.093635,1537,-622,None,None
2022-08-15 01:50:03.095628,1537,-621,None,None
2022-08-15 01:50:03.096626,1537,-622,None,"[0, -1]"
2022-08-15 01:50:03.100176,1536,-620,None,None
2022-08-15 01:50:03.104168,1536,-619,None,None
2022-08-15 01:50:03.108156,1536,-618,None,None
2022-08-15 01:50:03.118129,1536,-617,None,None
2022-08-15 01:50:03.126115,1534,-614,None,None
2022-08-15 01:50:03.128103,1534,-613,None,None
2022-08-15 01:50:03.129101,1534,-612,None,None
2022-08-15 01:50:03.136078,1534,-612,None,"[0, -1]"
2022-08-15 01:50:03.158028,1534,-611,None,None
2022-08-15 01:50:03.161032,1533,-611,None,None
2022-08-15 01:50:03.165007,1533,-610,None,None
2022-08-15 01:50:03.168996,1533,-609,None,None
2022-08-15 01:50:03.186947,1533,-608,None,None
2022-08-15 01:50:03.194931,1533,-608,None,"[0, -1]"
2022-08-15 01:50:03.195928,1532,-608,None,None
2022-08-15 01:50:03.283686,1532,-608,None,"[0, 1]"
2022-08-15 01:50:03.299183,1532,-609,None,None
2022-08-15 01:50:03.311122,1532,-609,None,"[0, 1]"
2022-08-15 01:50:03.313117,1532,-610,None,None
2022-08-15 01:50:03.320107,1532,-611,None,None
2022-08-15 01:50:03.325088,1532,-612,None,None
2022-08-15 01:50:03.326086,1532,-613,None,None
2022-08-15 01:50:03.329075,1532,-614,None,None
2022-08-15 01:50:03.332076,1532,-615,None,None
2022-08-15 01:50:03.335059,1532,-616,None,None
2022-08-15 01:50:03.338056,1532,-617,None,None
2022-08-15 01:50:03.340078,1532,-618,None,None
2022-08-15 01:50:03.345032,1532,-619,None,None
2022-08-15 01:50:03.353010,1532,-620,None,None
2022-08-15 01:50:03.426812,1532,-621,None,None
2022-08-15 01:50:03.590322,1532,-621,None,"[0, -1]"
2022-08-15 01:50:03.698041,1532,-621,Button.left,None
2022-08-15 01:50:03.862620,1532,-621,Button.right,None
2022-08-15 01:50:03.882573,1532,-621,None,"[0, 1]"
2022-08-15 01:50:04.022167,1532,-621,Button.left,None
2022-08-15 01:50:04.023164,1533,-621,None,None
2022-08-15 01:50:04.057075,1534,-621,None,None
2022-08-15 01:50:04.214961,1534,-620,None,None
2022-08-15 01:50:04.237867,1534,-620,None,"[0, -1]"
2022-08-15 01:50:04.263820,1534,-619,None,None
2022-08-15 01:50:04.290710,1534,-619,None,"[0, -1]"
2022-08-15 01:50:04.302674,1533,-619,None,None
2022-08-15 01:50:04.312673,1533,-618,None,None
2022-08-15 01:50:04.334587,1533,-617,None,None
2022-08-15 01:50:04.335584,1533,-617,None,"[0, -1]"
2022-08-15 01:50:04.379501,1534,-617,None,None
2022-08-15 01:50:04.389471,1534,-617,Button.left,None
2022-08-15 01:50:04.395439,1534,-618,None,None
2022-08-15 01:50:04.397423,1535,-618,None,None
2022-08-15 01:50:04.402406,1535,-619,None,None
2022-08-15 01:50:04.418383,1535,-619,None,"[0, 1]"
2022-08-15 01:50:04.423354,1536,-619,None,None
2022-08-15 01:50:04.426344,1536,-620,None,None
2022-08-15 01:50:04.431357,1536,-621,None,None
2022-08-15 01:50:04.435346,1536,-622,None,None
2022-08-15 01:50:04.439341,1536,-623,None,None
2022-08-15 01:50:04.441303,1537,-623,None,None
2022-08-15 01:50:04.443319,1537,-624,None,None
2022-08-15 01:50:04.449287,1537,-625,None,None
2022-08-15 01:50:04.451283,1537,-625,None,"[0, 1]"
2022-08-15 01:50:04.453274,1537,-626,None,None
2022-08-15 01:50:04.457262,1537,-627,None,None
2022-08-15 01:50:04.460253,1537,-628,None,None
2022-08-15 01:50:04.463266,1537,-629,None,None
2022-08-15 01:50:04.466251,1537,-630,None,None
2022-08-15 01:50:04.470226,1537,-631,None,None
2022-08-15 01:50:04.474235,1537,-632,None,None
2022-08-15 01:50:04.480200,1537,-633,None,None
2022-08-15 01:50:04.491171,1538,-633,None,None
2022-08-15 01:50:04.494202,1539,-633,None,None
2022-08-15 01:50:04.496157,1540,-633,None,None
2022-08-15 01:50:04.497154,1541,-633,None,None
2022-08-15 01:50:04.498150,1542,-633,None,None
2022-08-15 01:50:04.500147,1543,-633,None,None
2022-08-15 01:50:04.501144,1544,-633,None,None
2022-08-15 01:50:04.506131,1545,-633,None,None
2022-08-15 01:50:04.534093,1545,-633,Button.left,None
2022-08-15 01:50:04.537051,1545,-633,Button.right,None
2022-08-15 01:50:04.557994,1545,-632,None,None
2022-08-15 01:50:04.562977,1545,-631,None,None
2022-08-15 01:50:04.607786,1545,-630,None,None
2022-08-15 01:50:04.610690,1544,-630,None,None
2022-08-15 01:50:04.614700,1544,-629,None,None
2022-08-15 01:50:04.623668,1543,-629,None,None
2022-08-15 01:50:04.634636,1543,-628,None,None
2022-08-15 01:50:04.655562,1544,-628,None,None
2022-08-15 01:50:04.675603,1544,-629,None,None
2022-08-15 01:50:04.681509,1544,-629,Button.left,None
2022-08-15 01:50:04.698470,1544,-629,Button.right,None
2022-08-15 01:50:04.786211,1544,-630,None,None
2022-08-15 01:50:04.792200,1545,-630,None,None
2022-08-15 01:50:04.795218,1545,-631,None,None
2022-08-15 01:50:04.801178,1546,-631,None,None
2022-08-15 01:50:04.802175,1546,-632,None,None
2022-08-15 01:50:04.808458,1547,-633,None,None
2022-08-15 01:50:04.816440,1547,-634,None,None
2022-08-15 01:50:04.817433,1548,-634,None,None
2022-08-15 01:50:04.821450,1548,-635,None,None
2022-08-15 01:50:04.829402,1549,-635,None,None
2022-08-15 01:50:04.829402,1549,-636,None,None
2022-08-15 01:50:04.834388,1549,-637,None,None
2022-08-15 01:50:04.835408,1550,-637,None,None
2022-08-15 01:50:04.842368,1550,-638,None,None
2022-08-15 01:50:04.844362,1551,-638,None,None
2022-08-15 01:50:04.853336,1551,-639,None,None
2022-08-15 01:50:05.023295,1551,-639,None,"[0, -1]"
2022-08-15 01:50:05.052225,1551,-638,None,None
2022-08-15 01:50:05.056209,1551,-637,None,None
2022-08-15 01:50:05.057206,1551,-636,None,None
2022-08-15 01:50:05.058205,1551,-635,None,None
2022-08-15 01:50:05.061248,1551,-634,None,None
2022-08-15 01:50:05.062192,1551,-633,None,None
2022-08-15 01:50:05.063192,1551,-632,None,None
2022-08-15 01:50:05.065183,1551,-631,None,None
2022-08-15 01:50:05.067179,1550,-631,None,None
2022-08-15 01:50:05.068175,1550,-630,None,None
2022-08-15 01:50:05.070187,1550,-630,Button.left,None
2022-08-15 01:50:05.071169,1550,-630,None,"[0, -1]"
2022-08-15 01:50:05.072166,1550,-629,None,None
2022-08-15 01:50:05.073168,1550,-629,Button.middle,None
2022-08-15 01:50:05.078150,1549,-628,None,None
2022-08-15 01:50:05.148336,1549,-629,None,None
2022-08-15 01:50:05.159310,1549,-630,None,None
2022-08-15 01:50:05.165291,1549,-631,None,None
2022-08-15 01:50:05.172273,1549,-632,None,None
2022-08-15 01:50:05.176263,1549,-633,None,None
2022-08-15 01:50:05.181264,1549,-634,None,None
2022-08-15 01:50:05.184250,1549,-634,None,"[0, 1]"
2022-08-15 01:50:05.185239,1548,-634,None,None
2022-08-15 01:50:05.188228,1548,-636,None,None
2022-08-15 01:50:05.190223,1547,-637,None,None
2022-08-15 01:50:05.191220,1547,-638,None,None
2022-08-15 01:50:05.193214,1547,-639,None,None
2022-08-15 01:50:05.195209,1546,-640,None,None
2022-08-15 01:50:05.198208,1545,-641,None,None
2022-08-15 01:50:05.199201,1545,-642,None,None
2022-08-15 01:50:05.201196,1545,-643,None,None
2022-08-15 01:50:05.203189,1544,-644,None,None
2022-08-15 01:50:05.205184,1544,-645,None,None
2022-08-15 01:50:05.207178,1543,-645,None,None
2022-08-15 01:50:05.209180,1543,-646,None,None
2022-08-15 01:50:05.213169,1542,-648,None,None
2022-08-15 01:50:05.216173,1541,-649,None,None
2022-08-15 01:50:05.217153,1540,-650,None,None
2022-08-15 01:50:05.220144,1540,-651,None,None
2022-08-15 01:50:05.220144,1539,-651,None,None
2022-08-15 01:50:05.222143,1539,-652,None,None
2022-08-15 01:50:05.223135,1538,-653,None,None
2022-08-15 01:50:05.226143,1538,-654,None,None
2022-08-15 01:50:05.226143,1537,-654,None,None
2022-08-15 01:50:05.227126,1537,-655,None,None
2022-08-15 01:50:05.228125,1536,-655,None,None
2022-08-15 01:50:05.229122,1536,-656,None,None
2022-08-15 01:50:05.231113,1536,-657,None,None
2022-08-15 01:50:05.232112,1535,-657,None,None
2022-08-15 01:50:05.234105,1534,-658,None,None
2022-08-15 01:50:05.239099,1534,-659,None,None
2022-08-15 01:50:05.241089,1533,-659,None,None
2022-08-15 01:50:05.242110,1532,-660,None,None
2022-08-15 01:50:05.244089,1531,-661,None,None
2022-08-15 01:50:05.246075,1530,-662,None,None
2022-08-15 01:50:05.247072,1530,-663,None,None
2022-08-15 01:50:05.248068,1529,-663,None,None
2022-08-15 01:50:05.250063,1528,-664,None,None
2022-08-15 01:50:05.253075,1527,-664,None,None
2022-08-15 01:50:05.254060,1527,-665,None,None
2022-08-15 01:50:05.255052,1526,-665,None,None
2022-08-15 01:50:05.256046,1526,-666,None,None
2022-08-15 01:50:05.257046,1525,-666,None,None
2022-08-15 01:50:05.258043,1525,-667,None,None
2022-08-15 01:50:05.259041,1524,-667,None,None
2022-08-15 01:50:05.260037,1523,-668,None,None
2022-08-15 01:50:05.263039,1522,-669,None,None
2022-08-15 01:50:05.266048,1521,-670,None,None
2022-08-15 01:50:05.267019,1520,-671,None,None
2022-08-15 01:50:05.270020,1519,-674,None,None
2022-08-15 01:50:05.273005,1518,-675,None,None
2022-08-15 01:50:05.274000,1518,-676,None,None
2022-08-15 01:50:05.274997,1518,-677,None,None
2022-08-15 01:50:05.275995,1517,-677,None,None
2022-08-15 01:50:05.277993,1517,-678,None,None
2022-08-15 01:50:05.280987,1516,-679,None,None
2022-08-15 01:50:05.283974,1516,-680,None,None
2022-08-15 01:50:05.286964,1516,-681,None,None
2022-08-15 01:50:05.287964,1515,-681,None,None
2022-08-15 01:50:05.287964,1515,-682,None,None
2022-08-15 01:50:05.291960,1515,-683,None,None
2022-08-15 01:50:05.294951,1514,-683,None,None
2022-08-15 01:50:05.295942,1514,-684,None,None
2022-08-15 01:50:05.297943,1513,-686,None,None
2022-08-15 01:50:05.300928,1513,-687,None,None
2022-08-15 01:50:05.301926,1512,-688,None,None
2022-08-15 01:50:05.303921,1512,-689,None,None
2022-08-15 01:50:05.305913,1511,-690,None,None
2022-08-15 01:50:05.307946,1510,-691,None,None
2022-08-15 01:50:05.309936,1510,-692,None,None
2022-08-15 01:50:05.311901,1510,-693,None,None
2022-08-15 01:50:05.312896,1509,-693,None,None
2022-08-15 01:50:05.313896,1509,-694,None,None
2022-08-15 01:50:05.315890,1508,-694,None,None
2022-08-15 01:50:05.316885,1508,-695,None,None
2022-08-15 01:50:05.318882,1508,-696,None,None
2022-08-15 01:50:05.319886,1507,-696,None,None
2022-08-15 01:50:05.320879,1507,-697,None,None
2022-08-15 01:50:05.324867,1506,-698,None,None
2022-08-15 01:50:05.325862,1505,-698,None,None
2022-08-15 01:50:05.328030,1505,-699,None,None
2022-08-15 01:50:05.328855,1504,-700,None,None
2022-08-15 01:50:05.330850,1503,-700,None,None
2022-08-15 01:50:05.331846,1503,-701,None,None
2022-08-15 01:50:05.333845,1502,-702,None,None
2022-08-15 01:50:05.337829,1501,-703,None,None
2022-08-15 01:50:05.341818,1501,-704,None,None
2022-08-15 01:50:05.342814,1500,-704,None,None
2022-08-15 01:50:05.350803,1499,-705,None,None
2022-08-15 01:50:05.383708,1499,-705,Button.right,None
2022-08-15 01:50:05.548101,1499,-705,Button.left,None
2022-08-15 01:50:05.624893,1498,-705,None,None
2022-08-15 01:50:05.632870,1498,-704,None,None
2022-08-15 01:50:05.647831,1498,-703,None,None
2022-08-15 01:50:05.650822,1497,-703,None,None
2022-08-15 01:50:05.658802,1496,-702,None,None
2022-08-15 01:50:05.660796,1496,-701,None,None
2022-08-15 01:50:05.661794,1495,-701,None,None
2022-08-15 01:50:05.663788,1495,-700,None,None
2022-08-15 01:50:05.664788,1494,-700,None,None
2022-08-15 01:50:05.666781,1494,-699,None,None
2022-08-15 01:50:05.668777,1494,-698,None,None
2022-08-15 01:50:05.669779,1493,-698,None,None
2022-08-15 01:50:05.669779,1493,-697,None,None
2022-08-15 01:50:05.669779,1493,-698,Button.middle,None
2022-08-15 01:50:05.671772,1492,-697,None,None
2022-08-15 01:50:05.672768,1491,-696,None,None
2022-08-15 01:50:05.673766,1491,-695,None,None
2022-08-15 01:50:05.674782,1491,-694,None,None
2022-08-15 01:50:05.677757,1490,-694,None,None
2022-08-15 01:50:05.679753,1489,-694,None,None
2022-08-15 01:50:05.682741,1488,-692,None,None
2022-08-15 01:50:05.683736,1488,-691,None,None
2022-08-15 01:50:05.684735,1487,-690,None,None
2022-08-15 01:50:05.686728,1486,-689,None,None
2022-08-15 01:50:05.689721,1485,-688,None,None
2022-08-15 01:50:05.693712,1484,-687,None,None
2022-08-15 01:50:05.697700,1483,-687,None,None
2022-08-15 01:50:05.699695,1483,-686,None,None
2022-08-15 01:50:05.768510,1482,-686,None,None
2022-08-15 01:50:05.781497,1482,-687,None,None
2022-08-15 01:50:05.794444,1482,-688,None,None
2022-08-15 01:50:05.800423,1482,-689,None,None
2022-08-15 01:50:05.804442,1481,-689,None,None
2022-08-15 01:50:05.809412,1481,-690,None,None
2022-08-15 01:50:05.814431,1481,-691,None,None
2022-08-15 01:50:05.821397,1481,-691,Button.left,None
2022-08-15 01:50:05.821397,1480,-691,None,None
2022-08-15 01:50:05.831340,1479,-691,None,None
2022-08-15 01:50:05.841317,1479,-692,None,None
2022-08-15 01:50:05.857270,1478,-692,None,None
2022-08-15 01:50:05.933072,1478,-691,None,None
2022-08-15 01:50:05.936074,1477,-690,None,None
2022-08-15 01:50:05.937059,1477,-689,None,None
2022-08-15 01:50:05.940058,1477,-688,None,None
2022-08-15 01:50:05.941053,1476,-688,None,None
2022-08-15 01:50:05.943042,1476,-687,None,None
2022-08-15 01:50:05.943042,1476,-686,None,None
2022-08-15 01:50:05.947032,1475,-685,None,None
2022-08-15 01:50:05.951023,1475,-684,None,None
2022-08-15 01:50:05.957005,1475,-684,None,"[0, -1]"
2022-08-15 01:50:05.966024,1474,-684,None,None
2022-08-15 01:50:05.974958,1474,-683,None,None
2022-08-15 01:50:05.978948,1473,-683,None,None
2022-08-15 01:50:05.993907,1473,-682,None,None
2022-08-15 01:50:06.002896,1473,-682,None,"[0, -1]"
2022-08-15 01:50:06.006871,1472,-682,None,None
2022-08-15 01:50:06.014849,1471,-682,None,None
2022-08-15 01:50:06.037407,1470,-682,None,None
2022-08-15 01:50:06.038376,1470,-682,None,"[0, -1]"
2022-08-15 01:50:06.048350,1469,-682,None,None
2022-08-15 01:50:06.058326,1469,-681,None,None
2022-08-15 01:50:06.115173,1468,-681,None,None
2022-08-15 01:50:06.116168,1468,-682,None,None
2022-08-15 01:50:06.119162,1467,-682,None,None
2022-08-15 01:50:06.122156,1467,-683,None,None
2022-08-15 01:50:06.123150,1466,-683,None,None
2022-08-15 01:50:06.124147,1466,-683,Button.left,None
2022-08-15 01:50:06.126142,1466,-684,None,None
2022-08-15 01:50:06.127138,1465,-684,None,None
2022-08-15 01:50:06.130138,1465,-685,None,None
2022-08-15 01:50:06.132165,1464,-685,None,None
2022-08-15 01:50:06.135118,1463,-686,None,None
2022-08-15 01:50:06.137127,1461,-687,None,None
2022-08-15 01:50:06.139108,1461,-688,None,None
2022-08-15 01:50:06.140104,1459,-688,None,None
2022-08-15 01:50:06.140104,1458,-689,None,None
2022-08-15 01:50:06.141102,1457,-690,None,None
2022-08-15 01:50:06.142100,1456,-690,None,None
2022-08-15 01:50:06.143100,1455,-690,None,None
2022-08-15 01:50:06.144093,1454,-691,None,None
2022-08-15 01:50:06.145093,1453,-692,None,None
2022-08-15 01:50:06.148091,1452,-692,None,None
2022-08-15 01:50:06.148091,1451,-693,None,None
2022-08-15 01:50:06.149082,1449,-694,None,None
2022-08-15 01:50:06.150081,1448,-694,None,None
2022-08-15 01:50:06.150081,1447,-694,None,None
2022-08-15 01:50:06.151076,1445,-695,None,None
2022-08-15 01:50:06.152074,1444,-696,None,None
2022-08-15 01:50:06.153071,1443,-696,None,None
2022-08-15 01:50:06.154067,1441,-697,None,None
2022-08-15 01:50:06.155064,1440,-697,None,None
2022-08-15 01:50:06.156062,1438,-698,None,None
2022-08-15 01:50:06.161053,1436,-698,None,None
2022-08-15 01:50:06.162053,1434,-698,None,None
2022-08-15 01:50:06.164044,1425,-701,None,None
2022-08-15 01:50:06.166039,1423,-701,None,None
2022-08-15 01:50:06.168031,1416,-703,None,None
2022-08-15 01:50:06.169027,1413,-703,None,None
2022-08-15 01:50:06.169027,1410,-704,None,None
2022-08-15 01:50:06.170024,1408,-704,None,None
2022-08-15 01:50:06.171024,1406,-705,None,None
2022-08-15 01:50:06.172024,1404,-706,None,None
2022-08-15 01:50:06.173016,1402,-706,None,None
2022-08-15 01:50:06.175017,1399,-706,None,None
2022-08-15 01:50:06.176018,1397,-707,None,None
2022-08-15 01:50:06.177010,1396,-707,None,None
2022-08-15 01:50:06.177010,1393,-708,None,None
2022-08-15 01:50:06.178004,1391,-708,None,None
2022-08-15 01:50:06.179002,1389,-709,None,None
2022-08-15 01:50:06.179998,1387,-709,None,None
2022-08-15 01:50:06.180995,1385,-710,None,None
2022-08-15 01:50:06.181993,1383,-710,None,None
2022-08-15 01:50:06.182989,1381,-711,None,None
2022-08-15 01:50:06.183986,1380,-711,None,None
2022-08-15 01:50:06.185994,1378,-712,None,None
2022-08-15 01:50:06.187985,1376,-712,None,None
2022-08-15 01:50:06.189975,1371,-714,None,None
2022-08-15 01:50:06.191980,1370,-714,None,None
2022-08-15 01:50:06.193975,1367,-715,None,None
2022-08-15 01:50:06.195957,1364,-716,None,None
2022-08-15 01:50:06.196953,1362,-717,None,None
2022-08-15 01:50:06.196953,1360,-717,None,None
2022-08-15 01:50:06.198952,1359,-718,None,None
2022-08-15 01:50:06.198952,1358,-718,None,None
2022-08-15 01:50:06.199944,1358,-719,None,None
2022-08-15 01:50:06.200944,1357,-719,None,None
2022-08-15 01:50:06.202948,1356,-719,None,None
2022-08-15 01:50:06.203937,1355,-719,None,None
2022-08-15 01:50:06.203937,1355,-720,None,None
2022-08-15 01:50:06.205930,1354,-720,None,None
2022-08-15 01:50:06.206927,1353,-721,None,None
2022-08-15 01:50:06.208920,1352,-721,None,None
2022-08-15 01:50:06.210916,1351,-722,None,None
2022-08-15 01:50:06.213925,1350,-722,None,None
2022-08-15 01:50:06.216907,1350,-723,None,None
2022-08-15 01:50:06.219433,1349,-723,None,None
2022-08-15 01:50:06.219433,1349,-724,None,None
2022-08-15 01:50:06.231406,1350,-725,None,None
2022-08-15 01:50:06.234387,1351,-726,None,None
2022-08-15 01:50:06.236380,1352,-726,None,None
2022-08-15 01:50:06.237377,1353,-726,None,None
2022-08-15 01:50:06.238375,1354,-727,None,None
2022-08-15 01:50:06.239372,1355,-727,None,None
2022-08-15 01:50:06.240369,1356,-728,None,None
2022-08-15 01:50:06.242375,1357,-728,None,None
2022-08-15 01:50:06.245361,1360,-728,None,None
2022-08-15 01:50:06.246374,1363,-729,None,None
2022-08-15 01:50:06.247373,1364,-730,None,None
2022-08-15 01:50:06.248349,1368,-730,None,None
2022-08-15 01:50:06.251353,1372,-730,None,None
2022-08-15 01:50:06.252337,1374,-731,None,None
2022-08-15 01:50:06.253335,1375,-731,None,None
2022-08-15 01:50:06.254333,1377,-731,None,None
2022-08-15 01:50:06.254333,1380,-731,None,None
2022-08-15 01:50:06.255333,1382,-732,None,None
2022-08-15 01:50:06.256326,1385,-732,None,None
2022-08-15 01:50:06.258322,1388,-732,None,None
2022-08-15 01:50:06.259328,1390,-732,None,None
2022-08-15 01:50:06.262313,1393,-732,None,None
2022-08-15 01:50:06.263310,1399,-733,None,None
2022-08-15 01:50:06.264305,1407,-733,None,None
2022-08-15 01:50:06.265303,1410,-734,None,None
2022-08-15 01:50:06.266300,1413,-734,None,None
2022-08-15 01:50:06.267297,1417,-734,None,None
2022-08-15 01:50:06.268294,1420,-734,None,None
2022-08-15 01:50:06.270296,1424,-734,None,None
2022-08-15 01:50:06.273284,1431,-734,None,None
2022-08-15 01:50:06.275283,1443,-734,None,None
2022-08-15 01:50:06.278269,1453,-734,None,None
2022-08-15 01:50:06.279266,1461,-734,None,None
2022-08-15 01:50:06.280264,1468,-734,None,None
2022-08-15 01:50:06.281260,1473,-734,None,None
2022-08-15 01:50:06.282256,1477,-734,None,None
2022-08-15 01:50:06.283260,1479,-734,None,None
2022-08-15 01:50:06.284252,1483,-734,None,None
2022-08-15 01:50:06.285250,1488,-734,None,None
2022-08-15 01:50:06.287269,1495,-734,None,None
2022-08-15 01:50:06.288247,1500,-734,None,None
2022-08-15 01:50:06.288247,1505,-735,None,None
2022-08-15 01:50:06.289240,1510,-735,None,None
2022-08-15 01:50:06.290238,1515,-736,None,None
2022-08-15 01:50:06.291234,1523,-736,None,None
2022-08-15 01:50:06.292231,1529,-737,None,None
2022-08-15 01:50:06.293228,1535,-737,None,None
2022-08-15 01:50:06.294226,1537,-737,None,None
2022-08-15 01:50:06.295224,1543,-737,None,None
2022-08-15 01:50:06.296222,1551,-738,None,None
2022-08-15 01:50:06.298224,1557,-738,None,None
2022-08-15 01:50:06.300221,1570,-739,None,None
2022-08-15 01:50:06.303204,1579,-739,None,None
2022-08-15 01:50:06.306204,1598,-740,None,None
2022-08-15 01:50:06.306204,1607,-741,None,None
2022-08-15 01:50:06.306204,1613,-741,None,None
2022-08-15 01:50:06.307193,1620,-741,None,None
2022-08-15 01:50:06.308189,1626,-741,None,None
2022-08-15 01:50:06.309186,1635,-742,None,None
2022-08-15 01:50:06.310186,1641,-742,None,None
2022-08-15 01:50:06.311180,1648,-742,None,None
2022-08-15 01:50:06.312177,1654,-743,None,None
2022-08-15 01:50:06.314179,1663,-743,None,None
2022-08-15 01:50:06.315173,1669,-743,None,None
2022-08-15 01:50:06.315173,1676,-744,None,None
2022-08-15 01:50:06.316167,1684,-744,None,None
2022-08-15 01:50:06.317164,1689,-744,None,None
2022-08-15 01:50:06.318162,1691,-744,None,None
2022-08-15 01:50:06.319159,1697,-744,None,None
2022-08-15 01:50:06.320156,1706,-745,None,None
2022-08-15 01:50:06.321153,1711,-745,None,None
2022-08-15 01:50:06.322150,1716,-745,None,None
2022-08-15 01:50:06.323147,1719,-745,None,None
2022-08-15 01:50:06.324145,1724,-745,None,None
2022-08-15 01:50:06.326203,1729,-745,None,None
2022-08-15 01:50:06.329136,1746,-746,None,None
2022-08-15 01:50:06.331129,1755,-746,None,None
2022-08-15 01:50:06.332123,1759,-746,None,None
2022-08-15 01:50:06.334121,1760,-746,None,None
2022-08-15 01:50:06.334121,1764,-746,None,None
2022-08-15 01:50:06.335117,1768,-746,None,None
2022-08-15 01:50:06.336114,1772,-746,None,None
2022-08-15 01:50:06.336114,1775,-746,None,None
2022-08-15 01:50:06.337111,1780,-746,None,None
2022-08-15 01:50:06.338108,1784,-746,None,None
2022-08-15 01:50:06.339105,1786,-746,None,None
2022-08-15 01:50:06.340103,1790,-746,None,None
2022-08-15 01:50:06.341100,1792,-746,None,None
2022-08-15 01:50:06.344102,1794,-746,None,None
2022-08-15 01:50:06.344102,1796,-746,None,None
2022-08-15 01:50:06.345090,1798,-746,None,None
2022-08-15 01:50:06.345090,1800,-745,None,None
2022-08-15 01:50:06.346098,1801,-745,None,None
2022-08-15 01:50:06.347085,1803,-745,None,None
2022-08-15 01:50:06.348082,1804,-745,None,None
2022-08-15 01:50:06.349080,1805,-744,None,None
2022-08-15 01:50:06.350078,1806,-744,None,None
2022-08-15 01:50:06.352102,1807,-744,None,None
2022-08-15 01:50:06.353068,1807,-743,None,None
2022-08-15 01:50:06.358057,1807,-742,None,None
2022-08-15 01:50:06.359053,1806,-742,None,None
2022-08-15 01:50:06.360051,1805,-742,None,None
2022-08-15 01:50:06.360051,1804,-741,None,None
2022-08-15 01:50:06.365037,1803,-741,None,None
2022-08-15 01:50:06.366032,1801,-740,None,None
2022-08-15 01:50:06.367030,1795,-738,None,None
2022-08-15 01:50:06.368039,1793,-737,None,None
2022-08-15 01:50:06.369059,1791,-736,None,None
2022-08-15 01:50:06.370025,1789,-736,None,None
2022-08-15 01:50:06.370025,1786,-735,None,None
2022-08-15 01:50:06.371022,1784,-734,None,None
2022-08-15 01:50:06.372019,1779,-733,None,None
2022-08-15 01:50:06.373016,1775,-732,None,None
2022-08-15 01:50:06.374013,1774,-732,None,None
2022-08-15 01:50:06.375009,1770,-730,None,None
2022-08-15 01:50:06.376006,1768,-730,None,None
2022-08-15 01:50:06.377004,1764,-728,None,None
2022-08-15 01:50:06.379003,1760,-726,None,None
2022-08-15 01:50:06.379003,1753,-724,None,None
2022-08-15 01:50:06.380999,1749,-722,None,None
2022-08-15 01:50:06.381990,1744,-720,None,None
2022-08-15 01:50:06.381990,1738,-718,None,None
2022-08-15 01:50:06.383991,1735,-717,None,None
2022-08-15 01:50:06.384985,1729,-714,None,None
2022-08-15 01:50:06.384985,1721,-711,None,None
2022-08-15 01:50:06.385980,1715,-708,None,None
2022-08-15 01:50:06.386978,1707,-705,None,None
2022-08-15 01:50:06.388976,1702,-703,None,None
2022-08-15 01:50:06.389974,1695,-700,None,None
2022-08-15 01:50:06.390978,1691,-698,None,None
2022-08-15 01:50:06.391965,1682,-694,None,None
2022-08-15 01:50:06.392962,1675,-691,None,None
2022-08-15 01:50:06.393962,1671,-689,None,None
2022-08-15 01:50:06.394960,1662,-685,None,None
2022-08-15 01:50:06.395953,1651,-680,None,None
2022-08-15 01:50:06.395953,1644,-678,None,None
2022-08-15 01:50:06.396952,1642,-676,None,None
2022-08-15 01:50:06.397950,1631,-671,None,None
2022-08-15 01:50:06.398947,1622,-667,None,None
2022-08-15 01:50:06.399944,1615,-664,None,None
2022-08-15 01:50:06.401943,1612,-662,None,None
2022-08-15 01:50:06.402942,1602,-657,None,None
2022-08-15 01:50:06.404931,1585,-649,None,None
2022-08-15 01:50:06.405928,1576,-644,None,None
2022-08-15 01:50:06.407923,1572,-643,None,None
2022-08-15 01:50:06.407923,1563,-638,None,None
2022-08-15 01:50:06.408934,1557,-634,None,None
2022-08-15 01:50:06.409917,1553,-632,None,None
2022-08-15 01:50:06.410914,1543,-627,None,None
2022-08-15 01:50:06.411911,1534,-621,None,None
2022-08-15 01:50:06.411911,1527,-617,None,None
2022-08-15 01:50:06.413905,1525,-616,None,None
2022-08-15 01:50:06.413905,1515,-610,None,None
2022-08-15 01:50:06.415902,1509,-606,None,None
2022-08-15 01:50:06.416905,1504,-602,None,None
2022-08-15 01:50:06.417701,1498,-599,None,None
2022-08-15 01:50:06.418686,1491,-594,None,None
2022-08-15 01:50:06.419689,1488,-592,None,None
2022-08-15 01:50:06.420683,1477,-584,None,None
2022-08-15 01:50:06.421703,1471,-581,None,None
2022-08-15 01:50:06.422675,1466,-577,None,None
2022-08-15 01:50:06.423673,1464,-575,None,None
2022-08-15 01:50:06.424673,1453,-568,None,None
2022-08-15 01:50:06.426669,1446,-562,None,None
2022-08-15 01:50:06.427664,1440,-559,None,None
2022-08-15 01:50:06.428671,1435,-555,None,None
2022-08-15 01:50:06.429664,1427,-550,None,None
2022-08-15 01:50:06.430658,1425,-548,None,None
2022-08-15 01:50:06.431655,1420,-545,None,None
2022-08-15 01:50:06.432653,1416,-542,None,None
2022-08-15 01:50:06.433651,1409,-538,None,None
2022-08-15 01:50:06.434646,1405,-536,None,None
2022-08-15 01:50:06.435642,1401,-533,None,None
2022-08-15 01:50:06.436649,1397,-531,None,None
2022-08-15 01:50:06.437651,1393,-529,None,None
2022-08-15 01:50:06.438638,1389,-526,None,None
2022-08-15 01:50:06.439633,1386,-525,None,None
2022-08-15 01:50:06.440630,1385,-524,None,None
2022-08-15 01:50:06.441630,1382,-522,None,None
2022-08-15 01:50:06.442627,1379,-521,None,None
2022-08-15 01:50:06.443641,1376,-520,None,None
2022-08-15 01:50:06.444621,1373,-519,None,None
2022-08-15 01:50:06.445617,1371,-518,None,None
2022-08-15 01:50:06.446613,1369,-517,None,None
2022-08-15 01:50:06.447609,1367,-516,None,None
2022-08-15 01:50:06.448612,1366,-516,None,None
2022-08-15 01:50:06.450601,1365,-515,None,None
2022-08-15 01:50:06.451598,1363,-515,None,None
2022-08-15 01:50:06.454605,1362,-515,None,None
2022-08-15 01:50:06.460573,1363,-515,None,None
2022-08-15 01:50:06.461575,1363,-516,None,None
2022-08-15 01:50:06.463567,1364,-516,None,None
2022-08-15 01:50:06.463567,1365,-516,None,None
2022-08-15 01:50:06.466558,1366,-517,None,None
2022-08-15 01:50:06.468558,1366,-518,None,None
2022-08-15 01:50:06.469579,1372,-522,None,None
2022-08-15 01:50:06.470547,1373,-523,None,None
2022-08-15 01:50:06.471544,1375,-525,None,None
2022-08-15 01:50:06.472549,1377,-526,None,None
2022-08-15 01:50:06.473545,1379,-528,None,None
2022-08-15 01:50:06.474539,1381,-529,None,None
2022-08-15 01:50:06.475536,1384,-531,None,None
2022-08-15 01:50:06.476532,1386,-533,None,None
2022-08-15 01:50:06.477529,1389,-535,None,None
2022-08-15 01:50:06.478544,1391,-537,None,None
2022-08-15 01:50:06.480542,1394,-539,None,None
2022-08-15 01:50:06.480542,1395,-540,None,None
2022-08-15 01:50:06.481520,1398,-543,None,None
2022-08-15 01:50:06.482523,1401,-545,None,None
2022-08-15 01:50:06.483514,1404,-548,None,None
2022-08-15 01:50:06.484511,1408,-551,None,None
2022-08-15 01:50:06.485509,1412,-554,None,None
2022-08-15 01:50:06.486504,1415,-557,None,None
2022-08-15 01:50:06.487503,1418,-560,None,None
2022-08-15 01:50:06.488509,1422,-562,None,None
2022-08-15 01:50:06.489502,1425,-565,None,None
2022-08-15 01:50:06.490499,1428,-568,None,None
2022-08-15 01:50:06.491496,1433,-573,None,None
2022-08-15 01:50:06.492489,1437,-576,None,None
2022-08-15 01:50:06.493514,1441,-579,None,None
2022-08-15 01:50:06.494506,1445,-582,None,None
2022-08-15 01:50:06.495482,1447,-584,None,None
2022-08-15 01:50:06.497475,1451,-587,None,None
2022-08-15 01:50:06.498472,1456,-591,None,None
2022-08-15 01:50:06.499475,1459,-594,None,None
2022-08-15 01:50:06.500471,1464,-598,None,None
2022-08-15 01:50:06.501466,1468,-601,None,None
2022-08-15 01:50:06.502464,1472,-604,None,None
2022-08-15 01:50:06.503464,1475,-607,None,None
2022-08-15 01:50:06.504467,1477,-608,None,None
2022-08-15 01:50:06.505469,1481,-611,None,None
2022-08-15 01:50:06.506472,1488,-616,None,None
2022-08-15 01:50:06.507464,1492,-620,None,None
2022-08-15 01:50:06.508461,1495,-622,None,None
2022-08-15 01:50:06.510459,1499,-625,None,None
2022-08-15 01:50:06.511458,1502,-628,None,None
2022-08-15 01:50:06.511458,1506,-630,None,None
2022-08-15 01:50:06.512450,1509,-633,None,None
2022-08-15 01:50:06.513448,1513,-636,None,None
2022-08-15 01:50:06.514453,1517,-638,None,None
2022-08-15 01:50:06.515442,1520,-641,None,None
2022-08-15 01:50:06.516441,1524,-643,None,None
2022-08-15 01:50:06.517437,1528,-646,None,None
2022-08-15 01:50:06.518447,1532,-649,None,None
2022-08-15 01:50:06.519437,1535,-651,None,None
2022-08-15 01:50:06.521440,1539,-653,None,None
2022-08-15 01:50:06.521440,1543,-656,None,None
2022-08-15 01:50:06.522422,1547,-658,None,None
2022-08-15 01:50:06.524427,1551,-660,None,None
2022-08-15 01:50:06.525417,1554,-662,None,None
2022-08-15 01:50:06.525417,1558,-664,None,None
2022-08-15 01:50:06.526416,1562,-667,None,None
2022-08-15 01:50:06.527412,1567,-669,None,None
2022-08-15 01:50:06.528413,1571,-671,None,None
2022-08-15 01:50:06.529405,1575,-673,None,None
2022-08-15 01:50:06.530405,1578,-674,None,None
2022-08-15 01:50:06.532416,1581,-676,None,None
2022-08-15 01:50:06.533395,1587,-678,None,None
2022-08-15 01:50:06.533395,1590,-680,None,None
2022-08-15 01:50:06.534409,1594,-681,None,None
2022-08-15 01:50:06.535394,1601,-684,None,None
2022-08-15 01:50:06.537385,1603,-685,None,None
2022-08-15 01:50:06.537385,1607,-686,None,None
2022-08-15 01:50:06.538381,1610,-686,None,None
2022-08-15 01:50:06.539380,1612,-687,None,None
2022-08-15 01:50:06.540376,1615,-687,None,None
2022-08-15 01:50:06.541373,1618,-688,None,None
2022-08-15 01:50:06.542372,1620,-688,None,None
2022-08-15 01:50:06.544368,1623,-688,None,None
2022-08-15 01:50:06.546359,1625,-688,None,None
2022-08-15 01:50:06.546359,1628,-688,None,None
2022-08-15 01:50:06.547357,1630,-688,None,None
2022-08-15 01:50:06.549355,1631,-688,None,None
2022-08-15 01:50:06.550353,1634,-688,None,None
2022-08-15 01:50:06.550353,1636,-688,None,None
2022-08-15 01:50:06.551346,1637,-688,None,None
2022-08-15 01:50:06.552347,1639,-687,None,None
2022-08-15 01:50:06.553344,1640,-687,None,None
2022-08-15 01:50:06.554339,1641,-686,None,None
2022-08-15 01:50:06.555339,1642,-685,None,None
2022-08-15 01:50:06.557332,1643,-685,None,None
2022-08-15 01:50:06.559324,1644,-683,None,None
2022-08-15 01:50:06.559324,1645,-683,None,None
2022-08-15 01:50:06.560322,1646,-682,None,None
2022-08-15 01:50:06.561327,1647,-681,None,None
2022-08-15 01:50:06.562321,1648,-680,None,None
2022-08-15 01:50:06.563317,1648,-678,None,None
2022-08-15 01:50:06.564314,1650,-676,None,None
2022-08-15 01:50:06.565309,1650,-675,None,None
2022-08-15 01:50:06.570295,1651,-673,None,None
2022-08-15 01:50:06.570295,1652,-671,None,None
2022-08-15 01:50:06.572296,1655,-666,None,None
2022-08-15 01:50:06.573291,1655,-665,None,None
2022-08-15 01:50:06.574287,1656,-663,None,None
2022-08-15 01:50:06.574287,1655,-665,Button.left,None
2022-08-15 01:50:06.574287,1657,-661,None,None
2022-08-15 01:50:06.576283,1658,-659,None,None
2022-08-15 01:50:06.576283,1659,-656,None,None
2022-08-15 01:50:06.577276,1660,-654,None,None
2022-08-15 01:50:06.578274,1661,-651,None,None
2022-08-15 01:50:06.580315,1662,-649,None,None
2022-08-15 01:50:06.582269,1664,-644,None,None
2022-08-15 01:50:06.582269,1665,-642,None,None
2022-08-15 01:50:06.583262,1666,-639,None,None
2022-08-15 01:50:06.584261,1667,-635,None,None
2022-08-15 01:50:06.585262,1668,-632,None,None
2022-08-15 01:50:06.586258,1669,-630,None,None
2022-08-15 01:50:06.587253,1669,-628,None,None
2022-08-15 01:50:06.588253,1670,-625,None,None
2022-08-15 01:50:06.589253,1671,-623,None,None
2022-08-15 01:50:06.591268,1671,-620,None,None
2022-08-15 01:50:06.592237,1672,-618,None,None
2022-08-15 01:50:06.592237,1672,-617,None,None
2022-08-15 01:50:06.594236,1672,-615,None,None
2022-08-15 01:50:06.595230,1673,-612,None,None
2022-08-15 01:50:06.596228,1673,-610,None,None
2022-08-15 01:50:06.596228,1673,-608,None,None
2022-08-15 01:50:06.598231,1674,-605,None,None
2022-08-15 01:50:06.598231,1674,-603,None,None
2022-08-15 01:50:06.599219,1674,-601,None,None
2022-08-15 01:50:06.600216,1674,-599,None,None
2022-08-15 01:50:06.601212,1674,-597,None,None
2022-08-15 01:50:06.603211,1675,-595,None,None
2022-08-15 01:50:06.604205,1675,-593,None,None
2022-08-15 01:50:06.604205,1675,-591,None,None
2022-08-15 01:50:06.605203,1675,-589,None,None
2022-08-15 01:50:06.606208,1675,-587,None,None
2022-08-15 01:50:06.607198,1675,-586,None,None
2022-08-15 01:50:06.608194,1675,-585,None,None
2022-08-15 01:50:06.609194,1675,-584,None,None
2022-08-15 01:50:06.610188,1675,-582,None,None
2022-08-15 01:50:06.611186,1674,-581,None,None
2022-08-15 01:50:06.612188,1674,-579,None,None
2022-08-15 01:50:06.614180,1674,-578,None,None
2022-08-15 01:50:06.614180,1673,-576,None,None
2022-08-15 01:50:06.615176,1673,-575,None,None
2022-08-15 01:50:06.616173,1672,-574,None,None
2022-08-15 01:50:06.617171,1672,-572,None,None
2022-08-15 01:50:06.618350,1671,-571,None,None
2022-08-15 01:50:06.619333,1671,-570,None,None
2022-08-15 01:50:06.620329,1670,-569,None,None
2022-08-15 01:50:06.621327,1670,-568,None,None
2022-08-15 01:50:06.623334,1670,-567,None,None
2022-08-15 01:50:06.624317,1669,-566,None,None
2022-08-15 01:50:06.624317,1669,-565,None,None
2022-08-15 01:50:06.627312,1668,-565,None,None
2022-08-15 01:50:06.628308,1667,-563,None,None
2022-08-15 01:50:06.628308,1667,-562,None,None
2022-08-15 01:50:06.629306,1666,-562,None,None
2022-08-15 01:50:06.630303,1666,-561,None,None
2022-08-15 01:50:06.631300,1665,-561,None,None
2022-08-15 01:50:06.632301,1665,-560,None,None
2022-08-15 01:50:06.634302,1664,-560,None,None
2022-08-15 01:50:06.634302,1663,-559,None,None
2022-08-15 01:50:06.636295,1662,-558,None,None
2022-08-15 01:50:06.638283,1661,-558,None,None
2022-08-15 01:50:06.639312,1660,-558,None,None
2022-08-15 01:50:06.640276,1660,-557,None,None
2022-08-15 01:50:06.642271,1659,-557,None,None
2022-08-15 01:50:06.643289,1658,-557,None,None
2022-08-15 01:50:06.645268,1657,-557,None,None
2022-08-15 01:50:06.646268,1656,-557,None,None
2022-08-15 01:50:06.648258,1655,-557,None,None
2022-08-15 01:50:06.648258,1654,-557,None,None
2022-08-15 01:50:06.649254,1653,-557,None,None
2022-08-15 01:50:06.650252,1651,-557,None,None
2022-08-15 01:50:06.651248,1650,-557,None,None
2022-08-15 01:50:06.652244,1649,-557,None,None
2022-08-15 01:50:06.653242,1648,-557,None,None
2022-08-15 01:50:06.654238,1646,-557,None,None
2022-08-15 01:50:06.656238,1645,-558,None,None
2022-08-15 01:50:06.657235,1643,-558,None,None
2022-08-15 01:50:06.658228,1642,-559,None,None
2022-08-15 01:50:06.659251,1640,-559,None,None
2022-08-15 01:50:06.660224,1638,-560,None,None
2022-08-15 01:50:06.660224,1637,-561,None,None
2022-08-15 01:50:06.661220,1635,-561,None,None
2022-08-15 01:50:06.662217,1633,-562,None,None
2022-08-15 01:50:06.663215,1629,-564,None,None
2022-08-15 01:50:06.664213,1627,-565,None,None
2022-08-15 01:50:06.666212,1625,-565,None,None
2022-08-15 01:50:06.667209,1622,-566,None,None
2022-08-15 01:50:06.668201,1620,-567,None,None
2022-08-15 01:50:06.671216,1617,-568,None,None
2022-08-15 01:50:06.672213,1615,-569,None,None
2022-08-15 01:50:06.673188,1603,-573,None,None
2022-08-15 01:50:06.674187,1600,-574,None,None
2022-08-15 01:50:06.676182,1598,-575,None,None
2022-08-15 01:50:06.677176,1594,-576,None,None
2022-08-15 01:50:06.678175,1591,-577,None,None
2022-08-15 01:50:06.678175,1588,-577,None,None
2022-08-15 01:50:06.679174,1585,-578,None,None
2022-08-15 01:50:06.680171,1581,-579,None,None
2022-08-15 01:50:06.681180,1578,-580,None,None
2022-08-15 01:50:06.682164,1573,-581,None,None
2022-08-15 01:50:06.683162,1570,-582,None,None
2022-08-15 01:50:06.686162,1566,-583,None,None
2022-08-15 01:50:06.687151,1560,-585,None,None
2022-08-15 01:50:06.687151,1556,-585,None,None
2022-08-15 01:50:06.688152,1553,-586,None,None
2022-08-15 01:50:06.689153,1550,-587,None,None
2022-08-15 01:50:06.690144,1545,-588,None,None
2022-08-15 01:50:06.691141,1542,-589,None,None
2022-08-15 01:50:06.692141,1538,-590,None,None
2022-08-15 01:50:06.693134,1534,-591,None,None
2022-08-15 01:50:06.694131,1532,-591,None,None
2022-08-15 01:50:06.696209,1528,-592,None,None
2022-08-15 01:50:06.697123,1524,-593,None,None
2022-08-15 01:50:06.697123,1520,-594,None,None
2022-08-15 01:50:06.698121,1516,-595,None,None
2022-08-15 01:50:06.699125,1512,-596,None,None
2022-08-15 01:50:06.700170,1508,-596,None,None
2022-08-15 01:50:06.701115,1503,-598,None,None
2022-08-15 01:50:06.702111,1501,-598,None,None
2022-08-15 01:50:06.703109,1496,-599,None,None
2022-08-15 01:50:06.705105,1491,-600,None,None
2022-08-15 01:50:06.706111,1486,-601,None,None
2022-08-15 01:50:06.707096,1482,-602,None,None
2022-08-15 01:50:06.707096,1480,-602,None,None
2022-08-15 01:50:06.708093,1476,-603,None,None
2022-08-15 01:50:06.709097,1471,-604,None,None
2022-08-15 01:50:06.710090,1467,-605,None,None
2022-08-15 01:50:06.711088,1461,-607,None,None
2022-08-15 01:50:06.712084,1456,-607,None,None
2022-08-15 01:50:06.713082,1451,-608,None,None
2022-08-15 01:50:06.714079,1445,-610,None,None
2022-08-15 01:50:06.716084,1440,-611,None,None
2022-08-15 01:50:06.717079,1434,-612,None,None
2022-08-15 01:50:06.718083,1430,-613,None,None
2022-08-15 01:50:06.718612,1428,-613,None,None
2022-08-15 01:50:06.719600,1424,-614,None,None
2022-08-15 01:50:06.720616,1419,-616,None,None
2022-08-15 01:50:06.721596,1414,-617,None,None
2022-08-15 01:50:06.722591,1407,-618,None,None
2022-08-15 01:50:06.723589,1402,-620,None,None
2022-08-15 01:50:06.724588,1398,-620,None,None
2022-08-15 01:50:06.726582,1393,-622,None,None
2022-08-15 01:50:06.726582,1388,-623,None,None
2022-08-15 01:50:06.726582,1388,-623,None,"[0, -1]"
2022-08-15 01:50:06.727579,1383,-624,None,None
2022-08-15 01:50:06.728598,1380,-625,None,None
2022-08-15 01:50:06.729592,1374,-627,None,None
2022-08-15 01:50:06.730571,1369,-628,None,None
2022-08-15 01:50:06.731568,1366,-629,None,None
2022-08-15 01:50:06.732571,1361,-630,None,None
2022-08-15 01:50:06.733562,1357,-632,None,None
2022-08-15 01:50:06.734561,1351,-633,None,None
2022-08-15 01:50:06.736560,1346,-635,None,None
2022-08-15 01:50:06.736560,1340,-637,None,None
2022-08-15 01:50:06.737555,1336,-638,None,None
2022-08-15 01:50:06.738561,1334,-639,None,None
2022-08-15 01:50:06.740547,1330,-640,None,None
2022-08-15 01:50:06.741547,1323,-642,None,None
2022-08-15 01:50:06.742547,1320,-644,None,None
2022-08-15 01:50:06.743537,1315,-645,None,None
2022-08-15 01:50:06.743537,1313,-646,None,None
2022-08-15 01:50:06.744534,1309,-647,None,None
2022-08-15 01:50:06.747528,1300,-650,None,None
2022-08-15 01:50:06.750521,1291,-653,None,None
2022-08-15 01:50:06.751518,1283,-655,None,None
2022-08-15 01:50:06.752515,1279,-656,None,None
2022-08-15 01:50:06.753510,1276,-658,None,None
2022-08-15 01:50:06.754511,1273,-659,None,None
2022-08-15 01:50:06.755503,1270,-660,None,None
2022-08-15 01:50:06.756502,1265,-661,None,None
2022-08-15 01:50:06.759502,1262,-662,None,None
2022-08-15 01:50:06.760500,1260,-663,None,None
2022-08-15 01:50:06.761488,1254,-665,None,None
2022-08-15 01:50:06.761488,1252,-666,None,None
2022-08-15 01:50:06.763484,1249,-666,None,None
2022-08-15 01:50:06.764509,1247,-667,None,None
2022-08-15 01:50:06.765479,1245,-668,None,None
2022-08-15 01:50:06.766474,1242,-669,None,None
2022-08-15 01:50:06.768471,1240,-669,None,None
2022-08-15 01:50:06.769467,1238,-670,None,None
2022-08-15 01:50:06.770462,1234,-671,None,None
2022-08-15 01:50:06.775520,1232,-672,None,None
2022-08-15 01:50:06.776453,1229,-672,None,None
2022-08-15 01:50:06.778444,1223,-674,None,None
2022-08-15 01:50:06.780466,1222,-674,None,None
2022-08-15 01:50:06.780466,1220,-675,None,None
2022-08-15 01:50:06.781436,1219,-675,None,None
2022-08-15 01:50:06.782433,1218,-676,None,None
2022-08-15 01:50:06.783429,1217,-676,None,None
2022-08-15 01:50:06.784426,1216,-676,None,None
2022-08-15 01:50:06.785423,1215,-676,None,None
2022-08-15 01:50:06.786419,1214,-677,None,None
2022-08-15 01:50:06.787418,1213,-677,None,None
2022-08-15 01:50:06.791408,1212,-677,None,None
2022-08-15 01:50:06.793408,1212,-677,None,"[0, -1]"
2022-08-15 01:50:06.795396,1212,-678,None,None
2022-08-15 01:50:06.801413,1212,-679,None,None
2022-08-15 01:50:06.807401,1213,-679,None,None
2022-08-15 01:50:06.807401,1213,-680,None,None
2022-08-15 01:50:06.808364,1214,-680,None,None
2022-08-15 01:50:06.809360,1215,-680,None,None
2022-08-15 01:50:06.810357,1215,-681,None,None
2022-08-15 01:50:06.811353,1216,-681,None,None
2022-08-15 01:50:06.812352,1217,-681,None,None
2022-08-15 01:50:06.813348,1218,-682,None,None
2022-08-15 01:50:06.813348,1218,-682,None,"[0, -1]"
2022-08-15 01:50:06.815363,1219,-682,None,None
2022-08-15 01:50:06.816342,1220,-683,None,None
2022-08-15 01:50:06.816342,1221,-684,None,None
2022-08-15 01:50:06.817340,1222,-684,None,None
2022-08-15 01:50:06.818336,1224,-685,None,None
2022-08-15 01:50:06.819348,1225,-686,None,None
2022-08-15 01:50:06.820329,1227,-687,None,None
2022-08-15 01:50:06.821327,1228,-688,None,None
2022-08-15 01:50:06.822324,1230,-689,None,None
2022-08-15 01:50:06.823322,1232,-690,None,None
2022-08-15 01:50:06.824319,1234,-691,None,None
2022-08-15 01:50:06.825315,1235,-692,None,None
2022-08-15 01:50:06.827315,1237,-693,None,None
2022-08-15 01:50:06.830307,1243,-696,None,None
2022-08-15 01:50:06.832301,1248,-698,None,None
2022-08-15 01:50:06.833297,1250,-700,None,None
2022-08-15 01:50:06.835296,1255,-702,None,None
2022-08-15 01:50:06.836288,1257,-702,None,None
2022-08-15 01:50:06.836288,1259,-703,None,None
2022-08-15 01:50:06.837288,1262,-704,None,None
2022-08-15 01:50:06.838282,1267,-706,None,None
2022-08-15 01:50:06.839280,1270,-707,None,None
2022-08-15 01:50:06.840279,1273,-707,None,None
2022-08-15 01:50:06.841273,1276,-708,None,None
2022-08-15 01:50:06.842271,1279,-709,None,None
2022-08-15 01:50:06.844283,1282,-710,None,None
2022-08-15 01:50:06.845266,1285,-711,None,None
2022-08-15 01:50:06.845266,1286,-711,None,None
2022-08-15 01:50:06.846260,1289,-712,None,None
2022-08-15 01:50:06.847257,1292,-712,None,None
2022-08-15 01:50:06.848257,1297,-713,None,None
2022-08-15 01:50:06.849253,1300,-714,None,None
2022-08-15 01:50:06.850249,1302,-714,None,None
2022-08-15 01:50:06.851247,1306,-715,None,None
2022-08-15 01:50:06.852243,1310,-716,None,None
2022-08-15 01:50:06.853241,1313,-717,None,None
2022-08-15 01:50:06.855242,1317,-717,None,None
2022-08-15 01:50:06.858232,1327,-719,None,None
2022-08-15 01:50:06.859231,1330,-720,None,None
2022-08-15 01:50:06.860245,1334,-721,None,None
2022-08-15 01:50:06.862230,1342,-723,None,None
2022-08-15 01:50:06.863224,1345,-723,None,None
2022-08-15 01:50:06.864214,1352,-725,None,None
2022-08-15 01:50:06.865209,1355,-726,None,None
2022-08-15 01:50:06.866207,1359,-726,None,None
2022-08-15 01:50:06.867203,1363,-727,None,None
2022-08-15 01:50:06.868207,1366,-728,None,None
2022-08-15 01:50:06.869202,1370,-729,None,None
2022-08-15 01:50:06.870196,1375,-730,None,None
2022-08-15 01:50:06.872215,1378,-731,None,None
2022-08-15 01:50:06.873192,1382,-732,None,None
2022-08-15 01:50:06.876183,1385,-733,None,None
2022-08-15 01:50:06.877232,1391,-734,None,None
2022-08-15 01:50:06.878176,1399,-736,None,None
2022-08-15 01:50:06.879172,1403,-738,None,None
2022-08-15 01:50:06.880170,1406,-738,None,None
2022-08-15 01:50:06.881168,1407,-739,None,None
2022-08-15 01:50:06.882164,1410,-740,None,None
2022-08-15 01:50:06.884170,1414,-741,None,None
2022-08-15 01:50:06.889146,1428,-745,None,None
2022-08-15 01:50:06.892152,1437,-747,None,None
2022-08-15 01:50:06.893136,1443,-749,None,None
2022-08-15 01:50:06.893136,1446,-749,None,None
2022-08-15 01:50:06.894133,1448,-750,None,None
2022-08-15 01:50:06.895131,1450,-750,None,None
2022-08-15 01:50:06.896131,1452,-751,None,None
2022-08-15 01:50:06.897123,1455,-752,None,None
2022-08-15 01:50:06.898121,1457,-753,None,None
2022-08-15 01:50:06.900129,1459,-753,None,None
2022-08-15 01:50:06.901116,1462,-754,None,None
2022-08-15 01:50:06.902114,1464,-755,None,None
2022-08-15 01:50:06.902114,1467,-755,None,None
2022-08-15 01:50:06.903109,1467,-756,None,None
2022-08-15 01:50:06.904107,1469,-756,None,None
2022-08-15 01:50:06.905102,1471,-757,None,None
2022-08-15 01:50:06.906100,1472,-757,None,None
2022-08-15 01:50:06.907097,1473,-758,None,None
2022-08-15 01:50:06.908094,1474,-758,None,None
2022-08-15 01:50:06.909092,1476,-759,None,None
2022-08-15 01:50:06.911089,1478,-759,None,None
2022-08-15 01:50:06.914129,1479,-760,None,None
2022-08-15 01:50:06.916077,1480,-761,None,None
2022-08-15 01:50:06.918070,1481,-761,None,None
2022-08-15 01:50:06.919082,1481,-762,None,None
2022-08-15 01:50:06.921061,1482,-762,None,None
2022-08-15 01:50:06.922058,1482,-763,None,None
2022-08-15 01:50:06.927057,1482,-764,None,None
2022-08-15 01:50:06.929040,1482,-765,None,None
2022-08-15 01:50:06.934025,1482,-766,None,None
2022-08-15 01:50:06.935023,1482,-767,None,None
2022-08-15 01:50:06.939026,1481,-768,None,None
2022-08-15 01:50:06.941015,1481,-769,None,None
2022-08-15 01:50:06.943022,1480,-770,None,None
2022-08-15 01:50:06.945996,1479,-771,None,None
2022-08-15 01:50:06.946991,1478,-773,None,None
2022-08-15 01:50:06.947989,1477,-774,None,None
2022-08-15 01:50:06.947989,1477,-775,None,None
2022-08-15 01:50:06.948992,1476,-776,None,None
2022-08-15 01:50:06.949981,1475,-777,None,None
2022-08-15 01:50:06.950983,1474,-778,None,None
2022-08-15 01:50:06.951977,1473,-779,None,None
2022-08-15 01:50:06.953990,1472,-780,None,None
2022-08-15 01:50:06.954980,1472,-781,None,None
2022-08-15 01:50:06.955969,1471,-782,None,None
2022-08-15 01:50:06.955969,1470,-783,None,None
2022-08-15 01:50:06.956965,1469,-784,None,None
2022-08-15 01:50:06.957966,1468,-785,None,None
2022-08-15 01:50:06.958962,1466,-787,None,None
2022-08-15 01:50:06.959973,1465,-788,None,None
2022-08-15 01:50:06.960953,1464,-788,None,None
2022-08-15 01:50:06.961950,1463,-790,None,None
2022-08-15 01:50:06.962947,1462,-791,None,None
2022-08-15 01:50:06.964963,1460,-793,None,None
2022-08-15 01:50:06.965947,1459,-794,None,None
2022-08-15 01:50:06.969946,1457,-797,None,None
2022-08-15 01:50:06.970964,1453,-800,None,None
2022-08-15 01:50:06.971929,1452,-802,None,None
2022-08-15 01:50:06.973921,1450,-804,None,None
2022-08-15 01:50:06.974918,1449,-806,None,None
2022-08-15 01:50:06.975913,1448,-807,None,None
2022-08-15 01:50:06.979943,1446,-808,None,None
2022-08-15 01:50:06.980899,1446,-809,None,None
2022-08-15 01:50:06.981900,1443,-812,None,None
2022-08-15 01:50:06.982904,1442,-813,None,None
2022-08-15 01:50:06.983897,1441,-814,None,None
2022-08-15 01:50:06.984890,1440,-815,None,None
2022-08-15 01:50:06.985887,1440,-816,None,None
2022-08-15 01:50:06.986884,1439,-817,None,None
2022-08-15 01:50:06.987882,1439,-818,None,None
2022-08-15 01:50:06.988878,1438,-819,None,None
2022-08-15 01:50:06.988878,1438,-820,None,None
2022-08-15 01:50:06.989875,1438,-821,None,None
2022-08-15 01:50:06.990873,1437,-821,None,None
2022-08-15 01:50:06.991869,1437,-822,None,None
2022-08-15 01:50:06.993876,1437,-823,None,None
2022-08-15 01:50:06.997866,1437,-824,None,None
2022-08-15 01:50:06.998857,1437,-825,None,None
2022-08-15 01:50:06.999852,1438,-825,None,None
2022-08-15 01:50:07.001850,1438,-826,None,None
2022-08-15 01:50:07.002847,1439,-827,None,None
2022-08-15 01:50:07.003840,1440,-827,None,None
2022-08-15 01:50:07.004838,1441,-827,None,None
2022-08-15 01:50:07.005834,1441,-828,None,None
2022-08-15 01:50:07.006836,1442,-828,None,None
2022-08-15 01:50:07.008825,1443,-828,None,None
2022-08-15 01:50:07.010837,1444,-828,None,None
2022-08-15 01:50:07.012816,1445,-828,None,None
2022-08-15 01:50:07.015809,1446,-828,None,None
2022-08-15 01:50:07.017802,1447,-828,None,None
2022-08-15 01:50:07.019795,1448,-828,None,None
2022-08-15 01:50:07.024789,1449,-828,None,None
2022-08-15 01:50:07.026782,1449,-828,None,"[0, -1]"
2022-08-15 01:50:07.026782,1450,-827,None,None
2022-08-15 01:50:07.028781,1451,-827,None,None
2022-08-15 01:50:07.030771,1452,-826,None,None
2022-08-15 01:50:07.032762,1453,-825,None,None
2022-08-15 01:50:07.033758,1454,-825,None,None
2022-08-15 01:50:07.034758,1455,-824,None,None
2022-08-15 01:50:07.035753,1456,-824,None,None
2022-08-15 01:50:07.036751,1457,-823,None,None
2022-08-15 01:50:07.037759,1458,-822,None,None
2022-08-15 01:50:07.038803,1459,-822,None,None
2022-08-15 01:50:07.039744,1461,-821,None,None
2022-08-15 01:50:07.040742,1462,-821,None,None
2022-08-15 01:50:07.041739,1463,-820,None,None
2022-08-15 01:50:07.041739,1463,-820,None,"[0, -1]"
2022-08-15 01:50:07.042738,1464,-820,None,None
2022-08-15 01:50:07.043735,1465,-819,None,None
2022-08-15 01:50:07.044731,1466,-819,None,None
2022-08-15 01:50:07.045726,1468,-819,None,None
2022-08-15 01:50:07.046725,1469,-819,None,None
2022-08-15 01:50:07.048724,1470,-819,None,None
2022-08-15 01:50:07.049722,1471,-818,None,None
2022-08-15 01:50:07.051727,1473,-818,None,None
2022-08-15 01:50:07.054714,1475,-817,None,None
2022-08-15 01:50:07.055715,1477,-817,None,None
2022-08-15 01:50:07.057708,1478,-816,None,None
2022-08-15 01:50:07.058693,1479,-816,None,None
2022-08-15 01:50:07.058693,1480,-816,None,None
2022-08-15 01:50:07.058693,1479,-816,None,"[0, -1]"
2022-08-15 01:50:07.059690,1481,-816,None,None
2022-08-15 01:50:07.060689,1482,-816,None,None
2022-08-15 01:50:07.061685,1483,-816,None,None
2022-08-15 01:50:07.062688,1484,-816,None,None
2022-08-15 01:50:07.063679,1485,-815,None,None
2022-08-15 01:50:07.064681,1487,-815,None,None
2022-08-15 01:50:07.066682,1488,-815,None,None
2022-08-15 01:50:07.067726,1489,-814,None,None
2022-08-15 01:50:07.068665,1490,-814,None,None
2022-08-15 01:50:07.069667,1492,-814,None,None
2022-08-15 01:50:07.070661,1493,-814,None,None
2022-08-15 01:50:07.071659,1494,-813,None,None
2022-08-15 01:50:07.072656,1495,-813,None,None
2022-08-15 01:50:07.073652,1496,-813,None,None
2022-08-15 01:50:07.074650,1497,-813,None,None
2022-08-15 01:50:07.075646,1498,-813,None,None
2022-08-15 01:50:07.076652,1500,-812,None,None
2022-08-15 01:50:07.078652,1501,-812,None,None
2022-08-15 01:50:07.082633,1502,-812,None,None
2022-08-15 01:50:07.083625,1505,-812,None,None
2022-08-15 01:50:07.084626,1507,-811,None,None
2022-08-15 01:50:07.085628,1508,-811,None,None
2022-08-15 01:50:07.085628,1505,-812,None,"[0, -1]"
2022-08-15 01:50:07.086619,1512,-811,None,None
2022-08-15 01:50:07.087615,1514,-811,None,None
2022-08-15 01:50:07.088613,1515,-811,None,None
2022-08-15 01:50:07.089610,1516,-810,None,None
2022-08-15 01:50:07.090607,1517,-810,None,None
2022-08-15 01:50:07.091606,1518,-810,None,None
2022-08-15 01:50:07.092601,1519,-809,None,None
2022-08-15 01:50:07.094595,1521,-809,None,None
2022-08-15 01:50:07.096597,1521,-808,None,None
2022-08-15 01:50:07.096597,1522,-808,None,None
2022-08-15 01:50:07.097591,1523,-808,None,None
2022-08-15 01:50:07.099583,1524,-807,None,None
2022-08-15 01:50:07.100584,1525,-807,None,None
2022-08-15 01:50:07.101580,1526,-806,None,None
2022-08-15 01:50:07.104591,1527,-806,None,None
2022-08-15 01:50:07.106590,1527,-805,None,None
2022-08-15 01:50:07.109566,1528,-805,None,None
2022-08-15 01:50:07.149625,1528,-806,None,None
2022-08-15 01:50:07.150591,1527,-806,None,None
2022-08-15 01:50:07.153606,1527,-807,None,None
2022-08-15 01:50:07.155573,1526,-807,None,None
2022-08-15 01:50:07.158583,1525,-807,None,None
2022-08-15 01:50:07.160567,1525,-808,None,None
2022-08-15 01:50:07.163571,1524,-808,None,None
2022-08-15 01:50:07.165551,1525,-808,None,"[0, 1]"
2022-08-15 01:50:07.170535,1520,-811,None,None
2022-08-15 01:50:07.170535,1519,-812,None,None
2022-08-15 01:50:07.171531,1518,-812,None,None
2022-08-15 01:50:07.172526,1517,-813,None,None
2022-08-15 01:50:07.173543,1515,-814,None,None
2022-08-15 01:50:07.174540,1514,-815,None,None
2022-08-15 01:50:07.175542,1513,-815,None,None
2022-08-15 01:50:07.176535,1512,-816,None,None
2022-08-15 01:50:07.176535,1512,-816,Button.left,None
2022-08-15 01:50:07.177537,1510,-817,None,None
2022-08-15 01:50:07.178511,1509,-817,None,None
2022-08-15 01:50:07.179553,1507,-818,None,None
2022-08-15 01:50:07.183524,1506,-819,None,None
2022-08-15 01:50:07.184495,1504,-820,None,None
2022-08-15 01:50:07.185492,1499,-822,None,None
2022-08-15 01:50:07.186490,1498,-823,None,None
2022-08-15 01:50:07.187487,1497,-823,None,None
2022-08-15 01:50:07.188483,1495,-824,None,None
2022-08-15 01:50:07.189481,1494,-825,None,None
2022-08-15 01:50:07.191483,1493,-825,None,None
2022-08-15 01:50:07.193473,1491,-826,None,None
2022-08-15 01:50:07.194472,1489,-828,None,None
2022-08-15 01:50:07.196468,1487,-829,None,None
2022-08-15 01:50:07.198466,1486,-830,None,None
2022-08-15 01:50:07.200457,1483,-832,None,None
2022-08-15 01:50:07.201451,1481,-832,None,None
2022-08-15 01:50:07.202447,1480,-833,None,None
2022-08-15 01:50:07.203447,1479,-834,None,None
2022-08-15 01:50:07.204443,1478,-834,None,None
2022-08-15 01:50:07.205445,1477,-834,None,None
2022-08-15 01:50:07.207432,1476,-835,None,None
2022-08-15 01:50:07.209463,1475,-835,None,None
2022-08-15 01:50:07.210427,1474,-835,None,None
2022-08-15 01:50:07.211427,1473,-836,None,None
2022-08-15 01:50:07.213432,1472,-836,None,None
2022-08-15 01:50:07.214415,1471,-836,None,None
2022-08-15 01:50:07.215412,1471,-836,Button.right,None
2022-08-15 01:50:07.216408,1470,-837,None,None
2022-08-15 01:50:07.218404,1469,-837,None,None
2022-08-15 01:50:07.218404,1469,-837,None,"[0, 1]"
2022-08-15 01:50:07.222399,1468,-837,None,None
2022-08-15 01:50:07.225386,1468,-838,None,None
2022-08-15 01:50:07.226400,1467,-838,None,None
2022-08-15 01:50:07.230380,1466,-838,None,None
2022-08-15 01:50:07.249346,1466,-838,None,"[0, 1]"
